{"cameraMode":{"drawMode":0,"name":"Shaded","section":"Shading Mode"},"sceneLighting":false,"audioPlay":false,"sceneViewState":{"showFog":true,"showMaterialUpdate":false,"showSkybox":true,"showFlares":true,"showImageEffects":true,"showParticleSystems":true},"in2DMode":false,"pivot":{"x":-9.545379638671875,"y":0.5136332511901856,"z":-1.2860043048858643},"rotation":{"x":-0.018420526757836343,"y":0.9809713363647461,"z":-0.15308724343776704,"w":-0.11798465251922608},"size":6.888205528259277,"orthographic":false}